Course Name,Course Code,Rec. Grade,Factor,AP Credit,DCC Credit,UAlbany Credit,Pre-Requiesites,Graduation Requirement,Subject,High School Credits,Cost,Cost Optional?,Semester,2025-2026 Period,2024-2025 Periods,2023-2024 Periods,2022 - 2023 Periods ,Description
Accelerated Studio in Art,1,8,8,0,0,0,0,Fine Arts,Art,,N/A,N/A,A,,,,,"This is a class for middle school students that are willing to be advanced in art and earn high school credits. In order to select this class, students must have a final average grade in art that is 87% or above, students are expected to work effectively in class and show enthusiasm in art. All students that meet the requirements will be invited to the accelerated studio in art entrance exam. Students must successfully pass the exam in order to select this class. SPECIAL NOTE: This class meets daily from 7:00 to 7:40 am, which does NOT run in the normal school day, therefore transportation is not provided."
Advanced Painting,2,10,9,0,0,0,84,Fine Arts,Art,1,N/A,N/A,A,,,,,"This honors level course is designed for students who have a strong interest in continuing to refine their drawing and painting technical and creative skills. Students will explore a variety of drawing and painting media, applicable art historical and cultural study, art theory, and aesthetic inquiry."
Algebra I,3,8,8,0,0,0,0,Math,Math,,N/A,N/A,A,,,,,"This course prepares students for the Algebra exam, a requirement for a diploma. It will assist students in developing and choosing the appropriate skills and strategies that can be used to successfully solve problems in a variety of settings. Topics covered include the relationship between quantities, reasoning with equations and their graphs, descriptive statistics, linear and exponential functions, polynomial and quadratic expressions, equations and functions and modeling with equations and functions."
Algebra II Honors,4,10,9,0,0,0,48,Math,Math,,N/A,N/A,A,,,,,"This course is designed to provide in-depth coverage of the NYS Math curriculum in preparation for the Regents exam, which is required for an Advanced Regents diploma. The course focuses on polynomial, rational and radical relationships, complex numbers, trigonometric functions, exponential and logarithmic functions, and statistical inferences. Additionally, this honors level course deals with some topics in greater depth of study and includes additional topics. The course culminates in June with the Regents examination. "
Algebra II Regents,5,10,8,0,0,0,48 OR 50,Math,Math,,N/A,N/A,A,,,,,"This course is designed to provide in-depth coverage of the NYS Math curriculum in preparation for the Regents exam, which is required for an Advanced Regents diploma. The course focuses on polynomial, rational and radical relationships, complex numbers, trigonometric functions, exponential and logarithmic functions, and statistical inferences. The course culminates in June with the Regents examination. "
Algebra II with Lab,6,10,8,0,0,0,48 OR 50 OR 51,Math,Math,,N/A,N/A,A,,,,,"This course is designed to provide in-depth coverage of the NYS Math curriculum in preparation for the Regents exam, which is required for an Advanced Regents diploma. During the attached lab period students will review pertinent skills from Algebra I and Geometry, and reinforce the most challenging topics found in Algebra II. The course focuses on polynomial, rational and radical relationships, complex numbers, trigonometric functions, exponential and logarithmic functions, and statistical inferences. The course culminates in June with the Regents examination. "
Algebra XT-1,7,9,8,0,0,0,0,Math,Math,,N/A,N/A,A,,,,,"This course is a 2-year program that prepares students for the Algebra exam, a requirement for a diploma. The course will assist students in developing and choosing the appropriate skills and strategies that can be used to successfully solve problems in a variety of settings. Topics covered include the relationship between quantities, reasoning with equations and their graphs, descriptive statistics, linear and exponential functions, polynomial and quadratic expressions, equations and functions and modeling with equations and functions. A school-generated final exam will be given after the first year. This course culminates in June with a Regents examination administered at the end of Algebra XT-2. Students must meet established criteria in order to be eligible for the 2-year program."
Algebra XT-2,8,10,8,0,0,0,8,Math,Math,,N/A,N/A,A,,,,,"This course is a 2-year program that prepares students for the Algebra exam, a requirement for a diploma. The course will assist students in developing and choosing the appropriate skills and strategies that can be used to successfully solve problems in a variety of settings. Topics covered include the relationship between quantities, reasoning with equations and their graphs, descriptive statistics, linear and exponential functions, polynomial and quadratic expressions, equations and functions and modeling with equations and functions. A school-generated final exam will be given after the first year. This course culminates in June with a Regents examination administered at the end of Algebra XT-2. Students must meet established criteria in order to be eligible for the 2-year program."
AP Biology Dual,9,11,10,1,8,0,(3 OR 8) AND (48 OR 50 OR 51) AND (56 OR 57),None,Science,,$90,No,A,,,,,"This course of study will pursue in greater depth the major units of biology encountered in the college introductory course Biology (Regents). The approach in presenting the main concepts will be through lecture presentation, laboratory investigations, and required supplemental readings. Superior reading skills are required. Students who wish to receive DCC credits must register for Bio 105 and 106 individually and pay tuition. A DCC final exam will be given to students at the end of semester 1 for Bio 105 and at the end of semester 2 for Bio 106. Qualified students earn high school and college credit concurrently and college credit may be transferable to most two and four year colleges and universities."
AP Calculus BC ,10,12,10,1,0,0,,Math,Math,,$90,No,A,,,,,"AP Calculus BC is an introductory college-level calculus course. Students cultivate their understanding of differential and integral calculus through engaging with real-world problems represented graphically, numerically, analytically, and verbally. Students use definitions and theorems to build arguments and justify conclusions as they explore concepts like change, limits, and the analysis of functions. A graphing calculator is required for this course."
AP Chemistry,11,11,10,1,0,0,(3 OR 8) AND (48 OR 50 OR 51) AND (56 OR 57) AND (85 OR 86),None,Science,,$90,No,A,,,,,Areas of study in this course are: atomic structure; stoichiometry; chemical bonding; properties; oxidation-reduction reactions; kinetics; descriptive chemistry of elements; introduction to organic chemistry. Solving problems and conducting laboratory experiments relating to these topics are integral parts of the course.
AP Computer Science A,12,10,10,1,0,0,69 OR 32,Computer Science,Computer,,$90,No,A,,,,,"This is a course in computer science using the Java programming language. This course will cover the fundamentals of programming syntax and methodology. Java is a modern, object-oriented programming language used to create professional software. In addition to gaining fluency in Java, students will develop general computer skills and consider the social and ethical implications of computing. The course will explore systematic problem-solving strategies that can be applied to real world problems."
AP Computer Science Principles ,13,10,10,1,0,0,69 OR 32,Computer Science,Computer,,$90,No,A,,,,,"This course was developed to address a critical need for a broader range of students to gain exposure to computing in high school. Almost every field today – from the arts and media to lab sciences –requires an understanding of computing. Multidisciplinary in nature, the course teaches students to analyze problems, use creative thinking, and collaborate to investigate solutions to real-world issues using computing. More specifically, the course will introduce students to the creative aspects of programming, abstractions, algorithms, large data sets, the Internet, cybersecurity concerns, and computing impacts. "
AP English Language and Composition,14,11,10,1,0,0,25 OR 26,English Language,English,,$90,No,A,,,,,"The course provides the more mature and capable English student with a comprehensive study of American literature, its themes, archetypes, and major movements, with an emphasis on analyzing literary technique and developing interpretive skills. This course focuses on an increasingly refined level of both reading and writing in the various modes of discourse, enabling students to read complex texts with understanding and to write prose of sufficient richness and complexity to communicate with mature readers (AP course description). The course assumes that students already understand and use Standard English grammar. Both reading and writing assignments develop students’ understanding and use of various rhetorical strategies. The research project requires analysis of two major works of American literature. Extensive reading and writing are required. "
AP English Literature and Composition,15,12,10,1,0,0,14 OR 27,English Language,English,,$90,No,A,,,,,"This course is designed to meet the needs of the more advanced English student who wishes to explore in depth composition and classic literature at the college level. The emphasis of the course is on experiencing, interpreting and evaluating works of recognized literary merit from the sixteenth century to the present, including poetry, drama, speeches, essays, journals, and fiction, both long and short. According to the AP catalogue, the students' reading should be both wide and deep. Students will continue to develop their writing skills through short analytical pieces, essay exams, literary criticisms, and research projects. An understanding of the workings of English grammar and an ever-growing vocabulary are essential. "
AP European History,16,12,10,1,0,0,0,None,Social Studies,,$90,No,A,,,,,"This course offers an opportunity to learn the ideas and events that shaped the European experiences from the Renaissance to the late 20th century (1450 - the present). Students are expected to be familiar with the general ideas and topics of modern European history. They should be able to express more detailed knowledge in oral and written discussions. The course focuses on social and economic change, political and military themes, and cultural and intellectual ideas. Emphasis is placed on student discussions, college text readings, primary source readings and several short position papers. Students who select this course should be willing to express their ideas in class, be interested in history, like to read, and be good students in English Composition. Qualified eleventh and twelfth grade students will be evaluated based on specific criteria including, but not limited to, teacher recommendations and performance in prerequisite courses to this program with the approval of the instructor and if room in the class exists. The AP exam in May must be taken in order to satisfy AP factor requirements."
AP Music Theory,17,10,10,1,0,0,59,Fine Arts,Music,,$90,No,A,,,,,"The AP Music Theory course corresponds to one or two semesters of a typical introductory college music theory course that covers topics such as musicianship, theory, musical materials, and procedures. Musicianship skills, including dictation and other listening skills, sight singing, and harmony, are considered an important part of the course. Through the course, students develop the ability to recognize, understand, and describe basic materials and processes of tonal music that are heard or presented in a score. Development of aural skills is a primary objective. Performance is also part of the curriculum through the practice of sight singing. Students understand basic concepts and terminology by listening to and performing a wide variety of music. Notational skills, speed, and fluency with basic materials are also emphasized."
AP Physics C: Mechanics and Electricity and Magnetism ,18,12,10,1,0,0,87 AND (10 OR 23),None,Science,,$90,No,A,,,,,"This course is a two semester university physics course in Newtonian Mechanics and Electricity & Magnetism, which includes calculus concepts and computation. Classes will be a combination of lecture, group problem solving/discussion, and experimentation. Formal lab reports will be required."
AP Studio in Drawing,19,11,10,1,0,0,2,Fine Arts,Art,,$90,No,A,,,,,"This AP level course in drawing and painting is designed for students who are able to move on to college level drawing and painting expectations. Students will develop and explore their own individual creative directions and styles. This is achieved through an intense and highly independent work process. In addition to the regular classroom studio time, the student will be involved with considerable outside work. There will also be some moderate material investment beyond what the school normally supplies. "
AP United States History and Government,20,11,10,1,0,0,0,Humanities,Social Studies,,$90,No,A,,,,,"The Advanced Placement course in United States History is designed to provide students with the analytical skills and factual knowledge necessary to deal critically with the problems and materials in United States History. The course prepares students for intermediate and advanced college courses by making demands upon them equivalent to those made by full-year introductory college courses in United States History. This course differs from other United States History courses in its depth and difficulty. Students who select this course should be willing to express their ideas in class, be interested in history, like to read, and be good students in English Composition. An average of one hour of homework a night is required. The course is offered to those students in grade eleven who are interested in an advanced course in United States History leading to a Regents diploma and potential college credit for successfully completing the required Advanced Placement Exam. "
Applied Financial Mathematics,21,11,8,0,0,0,3 OR 8,Math,Math,,N/A,N/A,A,,,,,This course is an alternative for those students who have completed Algebra I and is not intended to be a college prep course. The focal point of the course is the application of mathematics to real world settings. Students will develop problem solving and reasoning skills through their study of math in its practical use.
Band,22,9,8,0,0,0,0,Fine Arts,Music,,N/A,N/A,A,,,,,"Concert band is offered for students who wish to develop their playing, reading and theory skills. Students in concert band will meet every day first period. All students involved in this course will increase their level of musicianship by paying attention to the areas of pitch, intonation, melody, harmony and rhythm. Besides learning musical concepts, this class also focuses on performing. Mandatory performances are the winter and spring concerts and PRISMS. Students will also have the opportunity to perform and be graded as a solo performer at the NYSSMA solo festival. Students who score high at this festival could possibly have the opportunity to perform at Area All-State and Conference All-State. All students involved in this course are required to have their own instrument except in the case of large brass and woodwind instruments such as tuba or euphonium. In class students will also be taught music theory skills, and musical terms that they will apply to their performances. Any students who wish to participate in this course need to have previous instrumental experience either through our district feeder program or transfer from another music program. This course will culminate in a locally developed exam. Students who show a high degree of proficiency on their instrument will have the opportunity to take part in other performing ensembles. The ensembles include Percussion Ensemble, Jazz Band, Pep Band and Drum Line. These groups are not credit courses but do give students an even more in depth musical experience."
Calculus 1H Dual,23,12,9,0,0,0,4 OR 5 OR 6,Math,Math,,$218,Yes,A,,,,,"This course includes topics normally covered during the first semester of a threesemester sequence. Topics include the derivative, limits, continuity, differentiability, the definite integral, the Fundamental Theorem of Calculus, techniques of differentiation (including for transcendental functions), applications of differentiation, mathematical modeling and computer applications"
Chorus,24,9,8,0,0,0,0,Fine Arts,Music,,N/A,N/A,A,,,,,"Chorus is for students who desire to develop their vocal, music reading and theory skills, and who also understand that choral singing is a group effort that relies on each person working to his/her greatest potential. Students in chorus will have the opportunity to develop as a singer by increasing tone quality, intonation, breathing and sight-singing skills. They will have the opportunity to improve as a solo singer through lessons and participation at NYSSMA solo festival. They will grow as a team player, working with others in their class and vocal section to improve their own voice. They will be expected to perform in several concerts throughout the year as a member of the chorus."
Common Core English 10 (Honors),25,10,9,0,0,0,28 OR 29,English Language,English,,N/A,N/A,A,,,,,"This course is designed for students who have demonstrated competency above grade level in English 9. To improve student writing, grammar and composition, lessons are based on student work and professional exemplars. Academic vocabulary is based on the works studied. Rigorous reading selections from genres including short story, novel, essay, biography, drama and poetry are presented. The student compares the techniques of writers who develop the same theme in two or more genres. The basic anthologies are supplemented by a variety of paperback selections and other readings."
Common Core English 10 (Regents),26,10,8,0,0,0,28 OR 29,English Language,English,,N/A,N/A,A,,,,,"Rigorous fiction and nonfiction including the short story, novel, essay, biography, drama and poetry are studied. Students will identify literary devices and their significance in the text. The basic anthologies are supplemented with additional selections. Written work is based on close reading of text. Students are taught to recognize various genres and are encouraged to develop an academic style of writing. Clarity, organization and evidence based writing are emphasized. Composition assignments require the application of the rules of standard English grammar and usage. Both developmental vocabulary and academic vocabulary are emphasized. Preparation for the Common Core Regents examination in English is continued."
Common Core English 11,27,11,8,0,0,0,25 OR 26,English Language,English,,N/A,N/A,A,,,,,"Students study American fiction and nonfiction. Literature and nonfiction focus on the overarching theme of the American Dream. The course continues the department’s emphasis on reading on an analytical and evaluative level, producing evidence based writing, conducting authentic research and developing academic vocabulary. Grammar is taught through composition. Students learn to analyze author’s style, trace the continuity of ideas reflected in American literature and develop sound composition skills. Academic vocabulary study is continued."
Common Core English 9 (Honors),28,9,9,0,0,0,0,English Language,English,,N/A,N/A,A,,,,,"Honors students are expected to read above grade level and to have outstanding work habits. Honors students read rigorous selections of literature and nonfiction to sharpen analytical and critical thinking skills. Close reading, using textual evidence in writing, and developing academic vocabulary are stressed. Clarity and organization in writing are emphasized. Texts covered in class are used as springboards for research."
Common Core English 9 (Regents),29,9,8,0,0,0,0,English Language,English,,N/A,N/A,A,,,,,"This course aims to improve interpretive skill in reading and introduce students to various genres of literature and nonfiction. Close reading and the use of textual evidence in writing and discussion is emphasized. Written work and research projects are connected to the reading. Additionally, students develop the thinking and organizational skills they will need to succeed in the English strand of the high school curriculum."
Communications 1,30,10,8,0,0,0,0,None,English,,N/A,N/A,F,,,,,"This course is designed as an elective. If the student so wishes, this course may be used, in part, to fulfill a fifth English credit for a 5-credit sequence for a Regents diploma. Communications 1 explores communication in written English. Study includes creative writing, writing for the workplace, advertising and journalism. Creative writing assignments include character sketches, short stories, poems, and various creative exercises. Writing for the workplace assignments include resumes, memos and interviews. During the journalism and advertising segments of the course, students write a news story, feature story, column and editorial. Papers are read aloud in class and discussed during the various stages of composition. Students create a portfolio as a final exam."
Communications 2,31,10,8,0,0,0,0,None,English,,N/A,N/A,S,,,,,"Communications 2 develops visual literacy through the study of film, television and online communication. The video production segment of the class includes the “grammar” of video, lighting and camera techniques and the production and shooting of a video script. Students are required to do one research project as well as a final project."
Computer Studies,32,9,8,0,0,0,0,Computer Science,Computer,,N/A,N/A,B,,,,,"This online course is offered to address the National Educational Technology Standards for Students. Unit topics include digital citizenship, research and information fluency, communication and collaboration, creativity and innovation and critical thinking. In the digital citizenship unit students explore their digital footprint, online privacy and security, cyberbullying and creative credit and copyright. In the research and information fluency unit students apply digital tools to gather, evaluate, and use electronic information."
Concert Choir-H,33,10,9,0,0,0,,Fine Arts,Music,,N/A,N/A,A,,,,,"Students are required to complete a successful audition for entry into this ensemble. Students in grade 9 are welcome to audition for entry into the ensemble. If accepted, student enrollment in both Concert Choir and Mixed Chorus is required for the 9th grade year only. Concert Choir is for students who wish to develop their vocal skills, music literacy, and musicianship at an advanced level. Throughout the school year, students will engage in a variety of vocal exercises, sight-reading activities, and ensemble rehearsals aimed at enhancing their literacy, tone quality, blend, and expression. Emphasis will be placed on the development of healthy vocal production techniques including breath support, resonance, and articulation. Weekly music lessons beyond the assigned class period occur on a rotating schedule, i.e. other academic classes could be missed. In addition, students enrolled in Concert Choir may have extra curricular opportunities available to them that may not be available to those enrolled in Mixed Chorus. These opportunities include but are not limited to competitions, school trips, and performance opportunities."
Digital Imaging,34,,8,0,0,0,81 OR 83,Fine Arts,Art,1,N/A,N/A,B,,,,,description
Earth and Space Science,35,8,8,0,0,0,3 OR 8,Regents Science,Science,,N/A,N/A,A,,,,,"High school Earth and Space Science expands upon middle school concepts, integrating disciplinary core ideas with scientific and engineering practices and crosscutting concepts to deepen students' understanding of phenomena central to Earth, space, life, and physical sciences. Students will explore Earth's place in the universe, studying the formation and evolution of celestial systems and their practical effects, such as solar behavior's impact on humans. Additionally, they will examine Earth's systems, focusing on dynamic interactions like plate tectonics, climate change, and energy flow, highlighting the interplay of natural and human-induced changes. Lastly, the students will address Earth and human activity, emphasizing the interdependencies between natural systems and human impacts, such as resource use, natural hazards, and climate change. Across these topics, students engage in modeling, data analysis, argumentation, and problem-solving to develop a comprehensive understanding of Earth's systems and their implications for sustainability."
Economics,36,12,8,0,0,0,0,Humanities,Social Studies,,N/A,N/A,A,,,,,One semester of the grade twelve programs is a course in economics and economic decision making. This course includes the basic economic concepts and understanding which all persons need to function effectively and intelligently as citizens and participants in the economy of the United States and the world. The Economics course will conclude with a locally developed department wide examination.
Economics Honors,37,12,9,0,0,0,0,Humanities,Social Studies,,N/A,N/A,A,,,,,"This course conducts an in-depth analysis of a variety of economic issues and institutions. Examples include analyzing the budget deficit, social policy, and the role of the Federal Reserve in combating inflation and recession. The course also examines how the globalization of the economy will bring competitive pressures and new opportunities. Term papers, projects and reports are part of the requirements. The Economics course will conclude with a locally developed department wide examination. Qualified twelfth grade students will be evaluated based on criteria including, but not limited to, teacher recommendations and performance in prerequisite courses to this program with the approval of the instructor and if room in the class exists."
Elementary Statistics,38,11,8,0,0,0,3 OR 8,Math,Math,,N/A,N/A,A,,,,,"In our data-driven society, an understanding of statistics is an important element of a well-rounded education. Statistics involves the collection, organization and interpretation of data. Students will gather, organize, display and summarize data. They will analyze the results, make predictions and study how to use data to make informed decisions. Topics covered will include: sampling techniques and designs, appropriate graphical representation of data, analysis of center and spread, normal distributions, z-scores, and analysis of bivariate data."
English 12H Dual,39,12,9,0,6,0,14 OR 27,English Language,English,,$218,No,A,,,,,This English 101/102 course gives high school students the opportunity to experience a challenging college level course while still in high school. Qualified students earn high school and college credit concurrently and college credit may be transferrable to most two and four year colleges and universities.
Environmental Sustainability,40,11,8,0,0,0,0,None,Science,,N/A,N/A,A,,,,,"Environmental Sustainability is an honors-level course that is designed to integrate content from Chemistry, Biology, Earth Science and Environmental Science. It is designed to follow one of the introductory engineering courses in the Project Lead the Way curriculum. The course involves finding solutions to real-world problems including: pollution, genetically modified organisms, alternate forms of energy and water quality. Students who maintain an 85 average and achieve mastery on the Project Lead the Way Final Examination are eligible for college credit."
Financial Literacy,41,11,8,0,0,0,3 OR 8,None,Math,,N/A,N/A,A,,,,,"A comprehensive personal finance course for seniors that teaches students how to make thoughtful, well-informed decisions about important aspects of personal finance such as the benefits of saving, benefits of compound interest, and the value and methods of money management. Students are exposed to documents dealing with topics such as taxes, banking, and credit. Students will learn how to establish, monitor, and keep good credit. Students will practice weighing costs and benefits of options through case studies when making choices about such things as budgeting, obtaining student and personal loans, insurance, housing, investments, savings, automobile purchasing and retirement. The course will also teach students to maneuver scams and potential schemes against them. Students practice these skills as they extend their understanding of the essential knowledge defined by the Standards of Learning for Economics and Personal Finance. The course will also include speakers from the community that are financial experts."
Forensic Science,42,10,8,0,0,0,(56 OR 57) AND (85 OR 86),None,Science,,N/A,N/A,A,,,,,"This course is designed to be taken as an elective for students who have fulfilled their regent’s science requirements for graduation. The class meets for one 40-minute period a day, and will consist primarily of lecture and crime scene based labs. In addition to magazine articles and various books, the students will complete independent reading and reports using the Internet and PowerPoint."
French 1,43,8,8,0,0,0,0,Foreign Language,Foreign Language,,N/A,N/A,A,,,,,"The introductory course in French encompasses the four basic skills of listening, speaking, reading and writing. Oral skills are emphasized and the class is largely conducted in French. A basic text is used, along with corresponding audio tapes, and videos for additional language exposure. Vocabulary, grammatical structure and aural/oral practice are the basis of the course, with culture and civilization integrated throughout the year."
French 2,44,9,8,0,0,0,43,Foreign Language,Foreign Language,,N/A,N/A,A,,,,,"Level 2 continues the four-skill approach to language learning (listening, speaking, reading and writing). The pace is accelerated as more advanced grammatical structures and idiomatic expressions are introduced. Cultural readings and activities continue to be integrated into the curriculum. The text is supplemented by corresponding audio cassettes and videos. A final exam is given at the end of the year."
French 3,45,10,8,0,0,0,44,Foreign Language,Foreign Language,,N/A,N/A,A,,,,,"Grammar principles presented in French 2 are reviewed and more advanced grammatical constructions are introduced. In addition, students increase their vocabulary and cultural awareness through the use of reading selections and other authentic materials which are featured in the textbook. Emphasis is also placed on writing of letters and compositions, as well as speaking and reading comprehension in preparation for the Comprehensive exam in June."
French 4H,46,11,9,0,0,0,45,Foreign Language,Foreign Language,,N/A,N/A,A,,,,,"French 4 is an Honors course which is conducted almost entirely in French. Students are expected to participate in class discussions every day and are judged on their individual level of improvement. Readings include authentic texts drawn from newspapers, magazines, on-line periodicals and literature in French. These readings provide students with colloquial vocabulary and a variety of practical, up-to-date topics for class discussions, creative writing and compositions. Grammar instruction includes the compound tenses as well as the subjunctive tense. Other grammatical topics are tailored to the needs of the students as determined by their composition work and communicative skills. A variety of French films are incorporated throughout the year to enhance cultural awareness and vocabulary building."
French 5AP (Advanced Placement),47,12,10,1,0,0,46,Foreign Language,Foreign Language,,$99,No,A,,,,,"AP French (level 5) may be taken for AP (factor 10) or Honors (factor 9) designation. Students who choose to take this course at the AP level must take the French Language and Culture AP examination in May. Students must have the recommendation of their teacher to take the course for the Advanced Placement or Honors designation.  French 5H/AP is a college-level course conducted almost entirely in French. The course material is organized by themes identified by the College Board. Students are required to read authentic texts from a variety of real-world sources including non-fiction and fiction, listen to broadcasts and watch videos in French, write well-organized essays, and do several oral presentations in class. As part of the coursework, students are expected to participate fully in class discussions; seek out and report on articles from French-language periodicals and web-sites, as well as prepare for regular in-class quizzes and examinations. Vocabulary enrichment and grammar accuracy are stressed throughout the year as necessary tools for correct expression in French. Students are exposed to the culture of French -speaking areas and countries around the world. "
Geometry Honors,48,9,9,0,0,0,3,Math,Math,,N/A,N/A,A,,,,,"This course prepares students for the Geometry Regents exam which is required for an Advanced Regents diploma. Students will study congruence, proof and constructions, right triangles and trigonometry, circles, expressing geometric properties with equations, geometric measurement and dimension and modeling with geometry. They will be expected to present valid arguments justified by axioms, definitions and theorems. Additionally, this honors level course deals with some topics in greater depth of study and includes additional topics. "
Geometry in Action,49,11,8,0,0,0,3 OR 8,Math,Math,,N/A,N/A,A,,,,,"This project-based course consists of two units. The Geometry unit covers applications of surface area and volume as well as coordinate geometry. Students will create 3-dimensional shapes, design a package to fit a specific object, study tessellations, and explore transformations. In the second unit, Math Outside the Classroom, students will investigate the mathematics of a variety of topics such as sports, art, architecture, music, nature and photography. The course will conclude with a rubric-based final project and a written exam"
Geometry Regents,50,9,8,0,0,0,3 OR 8,Math,Math,,N/A,N/A,A,,,,,"This course prepares students for the Geometry Regents exam which is required for an Advanced Regents diploma. Students will study congruence, proof and constructions, right triangles and trigonometry, circles, expressing geometric properties with equations, geometric measurement and dimension and modeling with geometry. They will be expected to present valid arguments justified by axioms, definitions and theorems."
Geometry with Lab,51,9,8,0,0,0,3 OR 8,Math,Math,,N/A,N/A,A,,,,,"This course prepares students for the Geometry Regents exam which is required for an Advanced Regents diploma. An attached lab period allows students additional time to explore/discover concepts through labs and hands-on activities. Students will study congruence, proof and constructions, right triangles and trigonometry, circles, expressing geometric properties with equations, geometric measurement and dimension and model with geometry. They will be expected to present valid arguments justified by axioms, definitions and theorems."
Global History and Geography 10,52,10,8,0,0,0,53,None,Social Studies,,N/A,N/A,A,,,,,"The Grade 10 course continues the chronological study of history. It focuses on more recent historical periods beginning with the French Revolution and concluding with the events of the contemporary world. For a diploma, students are required to pass the Regents Examination at the conclusion of Global History 10."
Global History and Geography 9,53,9,8,0,0,0,0,Humanities,Social Studies,,N/A,N/A,A,,,,,Global History 9 covers the first half of a two year study of world history and geography. Grade 9 includes units on basic terms and concepts of social studies and a chronological study of global history from prehistoric humans through the age of absolutism in Europe. The Global History 9 course will conclude with a locally developed department wide examination.
Intermediate Algebra,54,11,8,0,0,0,3 OR 8,Math,Math,,N/A,N/A,A,,,,,"This course is intended for students who are not taking Algebra II but need a third year of study to prepare them for basic college mathematics requirements. Topics will include factoring and solving algebraic equations, functions, rational expressions, radicals, complex numbers, and quadratics. There will be an emphasis on applications of these topics to real life situations. Technology will be used extensively throughout the course. The course will conclude at the end of the semester with a comprehensive final exam. Graphing calculators will be integrated into the curriculum and will be available for in-class use. "
Introduction to Engineering Design,55,9,8,0,0,0,3 OR 8,None,Social Studies,,N/A,N/A,A,,,,,"Introduction to Engineering Design (IED) is a course for all high school students who are interested in pursuing engineering. The major focus of the course is to expose students to the Engineering Design Process, which includes the design, development, and testing of products/solutions. Students will be developing both physical models and digital models via a computer-aided design (CAD) software. Students will also be required to maintain an engineering notebook as part of the course. "
Life Science: Biology (Honors),56,9,9,0,0,0,0,Regents Science,Science,,N/A,N/A,A,,,,,"Honors Biology is faster and more in depth than Regents Biology and will better prepare the students for an A.P. Biology course. This course will cover all of the topics of Regents Biology and fulfill the NYS requirement for Regents science credit in the Living Environment. Highly motivated students planning to continue in the study of the sciences, including taking the A.P. course in Biology or preparing to be science majors in college should consider enrolling. A summer assignment will be required. "
Life Science: Biology (Regents),57,9,8,0,0,0,0,Regents Science,Science,,N/A,N/A,A,,,,,"In life science: biology students will deepen their understanding of key concepts through five overarching topics: structure and function, inheritance and variation of traits, matter and energy in organisms and ecosystems, interdependent relationships in the ecosystem, and natural selection and evolution. Unlike previous standards, the new standards emphasize what students can do, in other words, they are performance-based. Each standard will be explored for the disciplinary core ideas (biology content), science and engineering practice (skills), and cross-cutting concepts (cause and effect)."
Math Science and Technology I and II,58,10,7,0,0,0,0,None,MST,,N/A,N/A,A,,,,,"MST is a hands-on, project based course where students will familiarize themselves with physical and digital tools and techniques through project based assignments. For some assignments, students will have some freedom in choosing their project, further developing skills/knowledge in a topic of their choice. Topics may include woodworking, electronics, puzzle and game design, 3D printing, community service, consumer science, catapults, bottle rockets, food science, and others."
Music Theory,59,9,8,0,0,0,0,Fine Arts,Music,,N/A,N/A,A,,,,,"Music Theory is a course designed for students who seek to enrich their knowledge of music fundamentals, including melody, harmony, rhythm, form and expression. Students will learn more about compositional methods and will compose music using Chromebooks and piano keyboards. This course is highly recommended for those who want to learn more about the building blocks of music."
Nazi Germany and the Holocaust,60,10,8,0,0,0,0,None,Social Studies,,N/A,N/A,A,,,,,"This course seeks to examine the genocide that took place during the Second World War within the larger context of anti-Semitism and racism in Europe. We will trace the origins of anti-Semitism, the National Socialist movement and the rise of Adolf Hitler to supreme power in Germany. In addition, we will study the social and political structure of Nazi Germany as it increasingly excluded undesirable elements from society. The eventual establishment of a Jewish homeland, the search for Nazi war criminals, and the post-war Nuremburg Trials will also be considered. Lastly, the class will embark on an analysis of Neo-Nazism in modern society. "
Orchestra,61,9,8,0,0,0,0,Fine Arts,Music,,N/A,N/A,A,,,,,"Students will continue to develop more advanced playing skills through the performance of literature suggested by New York State School Music Association. Emphasis will be on introducing advanced scales, vibrato, shifting into upper registers, multi meters / complex rhythms, improvisation, professionalism, basic music theory and will meet music standards through the use of NYSSMA-rated repertoire. This is a course for experienced players who have mastered the basic fundamental musical skills of playing a stringed instrument. Students will be assessed based on the demonstration of proper technique and performance on their instrument, including written tests and playing exams. This course will culminate in a locally developed exam."
Participation in Government,62,12,8,0,0,0,0,Humanities,Social Studies,,N/A,N/A,A,,,,,"One semester of the grade twelve programs is a course in Participation in Government. This course emphasizes the interaction between citizens and government at all levels: local, state and federal. The development of student participation in the process of government is encouraged. The Participation in Government course will conclude with a locally developed department wide examination."
Participation in Government Honors Dual,63,12,9,0,3,0,0,Humanities,Social Studies,,$218,Yes,A,,,,,"This course deals with the philosophy, structure, functions and processes of our national government. Topics include the methods of political and historical analysis, the machinery of government, the political process and political behavior. Historical events and personalities in American politics will be used to illustrate the issues and processes of American government. The Participation in Government course will conclude with a locally developed department wide examination. Qualified twelfth grade students will be evaluated based on criteria including, but not limited to, teacher recommendations and performance in prerequisite courses to this program with the approval of the instructor and if room in the class exists."
Precalculus Dual,64,11,9,0,6,0,4 OR 5 OR 6,Math,Math,,$218,Yes,A,,,,,"This course is intended primarily for college bound students. Topics include a study of functions, specifically: linear, polynomial, rational, trigonometric, exponential, logarithmic, and inverse functions. Modeling, data analysis, conics and matrices are also explored. Conceptual understanding is emphasized and algebraic skills are reinforced throughout the course."
Precalculus Honors,65,11,9,0,0,0,4 OR 5 OR 6,Math,Math,,N/A,N/A,A,,,,,"This course covers Precalculus and introductory Calculus topics. The majority of the course focuses on the concept of functions - including the study of linear, exponential, logarithmic, power, trigonometric and polynomial functions - and how they allow us to model the world around us. Students will learn to choose a combination of algebraic, graphical, and numerical methods, depending on which of these tools best fits the situation. They will also develop the algebraic and graphing calculator skills prerequisite for success in Calculus. Calculus topics include limits, definition of the derivative and rules of differentiation. "
Principles of Chemistry I and II,66,10,7,0,0,0,0,None,Science,,N/A,N/A,A,,,,,Principles of Chemistry is a two-semester survey course that considers current topics in Chemistry. Students will develop presentation skills when reporting their findings for research and laboratory activities. Principles of Chemistry is a hands-on course designed for students who have successfully completed Regents Biology and/or Earth Science.
Principles of Engineering,67,10,9,0,0,0,0,None,Science,,N/A,N/A,A,,,,,"Principles of Engineering (POE) is an honors level engineering course that exposes students to the different possibilities available to them in the engineering field. Topics tend to be more mathematical in nature than IED, and include parts of mechanics, material properties, electronics, automation, and computer programming. Students will also be required to maintain an engineering notebook as part of the course. "
Principles of Physical Science I and II,68,10,7,0,0,0,0,None,Science,,N/A,N/A,A,,,,,"Principles of Physical Science is a two-semester survey course that considers current topics in Physics, Earth Science and Environmental Science. Students will develop presentation skills when reporting their findings for research and laboratory activities. Principles of Physical Science is a hands-on course designed for students who have successfully completed Regents Biology and/or Earth Science. "
Programming 1,69,9,8,0,0,0,0,Computer Science,Computer,,N/A,N/A,F,,,,,"This course is designed to introduce students to the breadth of the field of computer science. Using problem solving techniques, algorithms and pseudocode, the course begins with a focus on the conceptual ideas of computing. Students then learn about web design and consider the associated societal and ethical issues. Finally, students receive an introduction to JavaScript through block coding and simple game design."
Programming 2,70,9,8,0,0,0,69,Computer Science,Computer,,N/A,N/A,S,,,,,"This course explores a deeper understanding of algorithms and computer languages. As an intermediate programming class, students will use JavaScript to program circuit boards. Students will then continue on to animation software and text based coding through action script game design. Students will then learn the Python language including graphic user interface (GUI) development. "
Psychology,71,11,8,0,0,0,0,None,Social Studies,,N/A,N/A,A,,,,,This course is a study of some of the basic principles of psychology. This course will also include an examination of current applications in contemporary psychology. The Psychology course will conclude with a locally developed department wide examination.
Public Speaking Dual,72,11,9,0,3,0,0,None,English,,$218,Yes,A,,,,,"This course is a dual enrollment course. While fulfilling elective credit at Spackenkill, students also have the opportunity to earn three college credits through Dutchess Community College. The course is devoted to the study of oral communication as it relates to the speaker, her/his purpose, subject, outline, presentational aids, delivery, and audience. The first part of the course emphasizes the theory of public speaking, while the latter part is concerned with the analysis, preparation, and performance in the areas of informative, demonstrative, persuasive, and occasional speaking. The majority of the class will focus on the development and delivery of public speeches. "
Science Research,73,10,9,0,0,10,0,None,Science,,$90,Yes,A,,,,,"Science Research is a three-year program set forth by the University in the High School Science Research program offered through SUNY Albany. The program is for students who want to explore an independent research topic. Students selecting this course should be self-motivated, curious, and independent learners. Students enrolled in this program the first year will receive 0.5 credit (factor 9)."
Sociology,74,11,8,0,0,0,0,None,Social Studies,,N/A,N/A,B,,,,,"Analysis and discussion of relevant findings about human behavior, including such topics as peer pressure, family, marriage, society and other institutions."
Spanish 1,75,8,8,0,0,0,0,Foreign Language,Foreign Language,,N/A,N/A,A,,,,,"This is an introductory course designed to accustom the student to both the oral and written language, emphasizing listening and speaking skills, as well as developing reading and writing skills. The primary goal is to have students achieve functional communication in the second language. Students will also learn elementary grammatical and syntactical structures. Tapes are used in conjunction with the text, along with other authentic materials, to vary and expand the students’ exposure. All of the above is taught with frequent reference to the arts, history, lifestyles and traditions of Spain and Hispanic America. "
Spanish 2,76,9,8,0,0,0,75,Foreign Language,Foreign Language,,N/A,N/A,A,,,,,"Students in this course have satisfactorily completed two years of Spanish 1 in the middle school or one year of Spanish 1 in the high school. The emphasis is on continued oral proficiency, grammar fundamentals and reading skill. Many more verb tenses are added to those learned in Spanish 1 while vocabulary is increased to augment conversational and reading ability. The student’s listening comprehension is enhanced by the use of tapes which accompany the text. Hispanic culture is an integral part of the curriculum. "
Spanish 3,77,10,8,0,0,0,76,Foreign Language,Foreign Language,,N/A,N/A,A,,,,,"Grammar principles presented in Spanish 2 are reviewed and more advanced grammatical constructions are introduced. In addition, students increase their vocabulary and cultural awareness through the use of reading selections and other authentic materials which are featured in the textbook. Emphasis is also placed on writing of letters and compositions, as well as speaking and reading comprehension in preparation for the Comprehensive exam in June."
Spanish 4H,78,11,9,0,0,0,77,Foreign Language,Foreign Language,,N/A,N/A,A,,,,,"Spanish 4 is an Honors course which is conducted almost entirely in Spanish. Students are expected to participate in class discussions every day and are judged on their individual level of improvement. Reading includes authentic texts drawn from newspapers, magazines, online periodicals and literature in Spanish. These readings provide students with colloquial vocabulary and a variety of practical, up-to-date topics for class discussions and creative writing and compositions. Other grammatical topics are tailored to the needs of the students as determined by their composition work and communicative skills. "
Spanish 5AP (Advanced Placement),79,12,10,1,0,0,78,Foreign Language,Foreign Language,,No',No,A,,,,,"Spanish 5H/AP is a college-level course conducted almost entirely in Spanish. The course material is organized by themes identified by the College Board. Students are required to read authentic texts from a variety of real-world sources including non-fiction and fiction, listen to broadcasts and watch videos in Spanish, write well-organized essays, and do several oral presentations in class. As part of the coursework, students are expected to participate fully in class discussions, seek out and report on articles from Spanish-language periodicals and web-sites, as well as prepare for regular in-class quizzes and examinations. Vocabulary enrichment and grammar accuracy are stressed throughout the year as necessary tools for correct expression in Spanish. Students are exposed to the culture of Spanish-speaking areas and countries around the world. "
String Ensemble Honors,80,10,9,0,0,0,0,Fine Arts,Music,,N/A,N/A,A,,,,,"Students will meet music standards by performing music literature of the most advanced level, as suggested by New York State School Music Association In addition to performance, emphasis will be on learning modes, advanced scales in all octaves, improvisation, composition, advanced music theory and chamber music. This is a course for highly advanced players who have mastered the basic fundamental musical skills of playing a stringed instrument. Students should be performing at a NYSSMA solo level 5-6. Students will be assessed based on the demonstration of proper technique and performance on their instrument, including written tests and playing exams. This course will culminate in a locally developed exam."
Studio in Art,81,9,8,0,0,0,0,Fine Arts,Art,1,N/A,N/A,A,,,,,"Studio in Art is a foundation course that explores a wide variety of two dimensional and three dimensional media as well as basic art principles and modes of expression. It is the aim of the course to develop a genuine appreciation and sensitivity toward beauty, through the student's own experiments in this multimedia program. Students will develop a portfolio of work and must pass a comprehensive final exam. Students headed toward a Regents sequence in Art should declare their intentions while enrolled in Studio in Art."
"Studio In Ceramics",82,9,8,0,0,0,81 OR 83,Fine Arts,Art,1,N/A,N/A,A,,,,,"This class is designed for students who are interested in learning all the basic aspects of creating with clay. Students will build functional and sculptural pieces using a variety of techniques. Hand building, the potter’s wheel and slip casting will be learned along with glazing and surface decoration."
Studio in Design,83,9,8,0,0,0,0,,,,N/A,N/A,A,,,,,
Studio in Drawing & Painting,84,9,8,0,0,0,81  OR 83,Fine Arts,Art,1,N/A,N/A,A,,,,,This is an advanced course that may be elected by a student who has completed Studio in Art or Design & Drawing for Production and desires to participate in advanced study in the area of drawing and painting. This course introduces the student to a wide variety of experiences in these media before he/she selects a particular medium for concentrated effort.
The Physical Setting: Chemistry (Honors),85,10,9,0,0,0,56 OR 57,Regents Science,Science,,N/A,N/A,A,,,,,"This course is faster-paced and more in-depth than Regents Chemistry. The course will better prepare the student for an A.P. Chemistry course. Topics are generally treated more mathematically than in Regents Chemistry. This course satisfies one of the sequence requirements for an Advanced Regents Diploma. This course should be selected by highly motivated science students who are planning to continue in the study of the sciences, including taking the A.P. course in Chemistry, or preparing to be science majors in college."
The Physical Setting: Chemistry (Regents),86,10,8,0,0,0,56 OR 57,Regents Science,Science,,N/A,N/A,A,,,,,This course is designed for all college bound students who have completed Regents Biology or are concurrently taking Regents Biology. It is an integral part of the four year science program and satisfies one of the sequence requirements for a Regents diploma.
The Physical Setting: Physics (Honors),87,11,9,0,0,0,(56 OR 57) AND (4 OR 8),Regents Science,Science,,N/A,N/A,A,,,,,This course is designed for college bound students who have completed Regents Biology and Regents Chemistry. It is an integral part of the four year science program and satisfies one of the sequence requirements for a Regents Diploma.
The World of Sports Through its Literature,88,10,8,0,0,0,0,None,English,,N/A,N/A,A,,,,," This course is an examination of sports, both amateur and professional, from the perspectives of sports columnists, commentators and contemporary authors. Readings will cover fiction and non-fiction, including biographies and commentaries, through which students will develop an awareness of sports as a source of literary thought and artistic writing as well as a chronicle and reflection of society. Writing will be descriptive, critical and personal. The course will require assigned readings and writing and may include a research project and/or a presentation and will have a final assessment. "
Trigonometry,89,11,8,0,0,0,4 OR 8,Math,Math,,N/A,N/A,A,,,,,"This course is an alternative to Common Core Algebra II or Common Core Geometry for those students who have completed Integrated Algebra or Common Core Algebra I. It is recommended that the college-bound student choose this course as part of their third year of study to prepare them for basic college math requirements. Topics will include right triangle trigonometry, the unit circle, radians, trigonometric functions and notation, identities, solving trigonometric equations, graphing trigonometric functions, and the Laws of Sines and Cosines. There will be an emphasis on applications of these topics to real life situations. Technology will be used extensively throughout the course. The course will conclude at the end of the semester with a comprehensive final exam."
United States History and Government 11,90,11,8,0,0,0,0,Humanities,Social Studies,,N/A,N/A,A,,,,,Grade 11 is a chronologically organized course in United States History and Government. The course begins with colonial foundations and concludes with contemporary events and issues. Constitutional and legal issues are developed as well as issues of international involvement. Students are required to pass the Regents exam in US History and Government.
World Literature,91,12,8,0,0,0,14 OR 27,English Language,English,,N/A,N/A,A,,,,,"The literature in this course focuses on the individual and his/her role in society – past, present and future. Students read rigorous texts, conduct research and practice skills necessary for college and career readiness. Students are encouraged to actively engage with the text and respond to the literature in writing. "